name,email
Amit Sharma,amit.sharma@gmail.com
Rahul Verma,rahul.verma@gmail.com
Neha Singh,neha.singh@gmail.com
Priya Sharma,priya.sharma@gmail.com
Rohit Gupta,rohit.gupta@gmail.com
Anjali Verma,anjali.verma@gmail.com
Vikas Yadav,vikas.y@gmail.com
Sneha Kapoor,sneha.kapoor@gmail.com
Arjun Mehta,arjun.mehta@gmail.com
Pooja Singh,pooja.s@gmail.com
Karan Malhotra,karan.malhotra@gmail.com
Ayesha Khan,ayesha.khan@gmail.com
Manish Patel,manish.patel@gmail.com
Ritika Jain,ritika.jain@gmail.com
Deepak Kumar,deepak.kumar@gmail.com
Suresh Yadav,suresh.y@gmail.com
Kavita Joshi,kavita.joshi@gmail.com
Mohit Agarwal,mohit.agarwal@gmail.com
Nisha Verma,nisha.verma@gmail.com
Simran Kaur,simran.kaur@gmail.com
Harsh Gupta,harsh.gupta@gmail.com
Divya Mehta,divya.mehta@gmail.com
Ankit Singh,ankit.singh@gmail.com
Ravi Kumar,ravi.kumar@gmail.com
Snehal Patel,snehal.patel@gmail.com
Meera Sharma,meera.sharma@gmail.com
Nitin Sharma,nitin.sharma@gmail.com
Swati Verma,swati.verma@gmail.com
Alok Singh,alok.singh@gmail.com
Neelam Gupta,neelam.gupta@gmail.com
Yash Jain,yash.jain@gmail.com
Tanya Mehta,tanya.mehta@gmail.com
Varun Sharma,varun.sharma@gmail.com
Kajal Singh,kajal.singh@gmail.com
Rohan Kapoor,rohan.kapoor@gmail.com
Isha Verma,isha.verma@gmail.com
Aditya Kumar,aditya.kumar@gmail.com
Komal Yadav,komal.yadav@gmail.com
Manav Gupta,manav.gupta@gmail.com
Radhika Sharma,radhika.sharma@gmail.com
Kunal Mehta,kunal.mehta@gmail.com
Bhavna Jain,bhavna.jain@gmail.com
Siddharth Singh,siddharth.singh@gmail.com
Shreya Verma,shreya.verma@gmail.com
Om Patel,om.patel@gmail.com
Pankaj Sharma,pankaj.sharma@gmail.com
Aarti Gupta,aarti.gupta@gmail.com
Jatin Verma,jatin.verma@gmail.com
Neeraj Singh,neeraj.singh@gmail.com
Rashi Mehta,rashi.mehta@gmail.com